payment_id,order_id,amount,status,payment_date
PAY0001,ORD0001,499,success,2026-08-01
PAY0002,ORD0002,1499,success,2026-08-08
PAY0003,ORD0003,799,success,2026-08-04
PAY0004,ORD0005,2499,success,2026-08-02
PAY0005,ORD0006,499,success,2026-08-07
PAY0006,ORD0007,3999,success,2026-08-20
PAY0007,ORD0008,3999,success,2026-08-07
PAY0008,ORD0009,3999,success,2026-08-14
PAY0009,ORD0011,299,success,2026-08-06
PAY0010,ORD0012,2499,success,2026-08-11
PAY0011,ORD0013,799,success,2026-08-07
PAY0012,ORD0014,1999,success,2026-08-04
PAY0013,ORD0015,2499,success,2026-08-04
PAY0014,ORD0016,1999,success,2026-08-20
PAY0015,ORD0017,299,success,2026-08-15
PAY0016,ORD0018,499,success,2026-08-13
PAY0017,ORD0019,3999,success,2026-08-10
PAY0018,ORD0020,4999,success,2026-08-12
PAY0019,ORD0021,999,success,2026-08-03
PAY0020,ORD0022,999,success,2026-08-10
PAY0021,ORD0023,999,success,2026-08-04
PAY0022,ORD0024,1499,success,2026-08-15
PAY0023,ORD0025,1999,success,2026-08-06
PAY0024,ORD0026,1999,success,2026-08-07
PAY0025,ORD0027,1499,success,2026-08-21
PAY0026,ORD0028,4999,success,2026-08-21
PAY0027,ORD0029,3999,success,2026-08-08
PAY0028,ORD0030,2999,success,2026-08-13
PAY0029,ORD0031,3999,success,2026-08-08
PAY0030,ORD0032,1999,success,2026-08-02
PAY0031,ORD0033,299,success,2026-08-11
PAY0032,ORD0034,1499,success,2026-08-03
PAY0033,ORD0035,4999,success,2026-08-11
PAY0034,ORD0036,2999,success,2026-08-13
PAY0035,ORD0037,2999,success,2026-08-05
PAY0036,ORD0038,799,success,2026-08-08
PAY0037,ORD0039,3999,success,2026-08-18
PAY0038,ORD0040,4999,success,2026-08-14
PAY0039,ORD0041,2499,success,2026-08-12
PAY0040,ORD0042,799,success,2026-08-17
PAY0041,ORD0043,499,success,2026-08-02
PAY0042,ORD0044,799,success,2026-08-21
PAY0043,ORD0045,2499,success,2026-08-20
PAY0044,ORD0046,2499,success,2026-08-13
PAY0045,ORD0047,2999,success,2026-08-17
PAY0046,ORD0048,3999,success,2026-08-01
PAY0047,ORD0049,499,success,2026-08-18
PAY0048,ORD0050,1499,success,2026-08-21
PAY0049,ORD0051,499,success,2026-08-10
PAY0050,ORD0052,799,success,2026-08-15
PAY0051,ORD0053,1499,success,2026-08-17
PAY0052,ORD0054,799,success,2026-08-17
PAY0053,ORD0055,1499,success,2026-08-21
PAY0054,ORD0056,4999,success,2026-08-07
PAY0055,ORD0057,1999,success,2026-08-06
PAY0056,ORD0058,3999,success,2026-08-01
PAY0057,ORD0059,1999,success,2026-08-16
PAY0058,ORD0060,499,success,2026-08-12
PAY0059,ORD0061,999,success,2026-08-02
PAY0060,ORD0062,4999,success,2026-08-03
PAY0061,ORD0063,2999,success,2026-08-03
PAY0062,ORD0064,3999,success,2026-08-05
PAY0063,ORD0065,2999,success,2026-08-18
PAY0064,ORD0066,1499,success,2026-08-17
PAY0065,ORD0068,999,success,2026-08-10
PAY0066,ORD0069,1999,success,2026-08-15
PAY0067,ORD0070,2999,success,2026-08-04
PAY0068,ORD0071,999,success,2026-08-03
PAY0069,ORD0072,299,success,2026-08-19
PAY0070,ORD0073,999,success,2026-08-19
PAY0071,ORD0074,299,success,2026-08-03
PAY0072,ORD0075,299,success,2026-08-08
PAY0073,ORD0076,299,success,2026-08-11
PAY0074,ORD0078,2999,success,2026-08-07
PAY0075,ORD0079,799,success,2026-08-19
PAY0076,ORD0080,2999,success,2026-08-08
PAY0077,ORD0081,2499,success,2026-08-07
PAY0078,ORD0082,499,success,2026-08-14
PAY0079,ORD0083,2499,success,2026-08-14
PAY0080,ORD0084,299,success,2026-08-21
PAY0081,ORD0085,499,success,2026-08-02
PAY0082,ORD0086,1999,success,2026-08-04
PAY0083,ORD0087,999,success,2026-08-07
PAY0084,ORD0088,2999,success,2026-08-05
PAY0085,ORD0089,799,success,2026-08-09
PAY0086,ORD0090,999,success,2026-08-03
PAY0087,ORD0091,3999,success,2026-08-04
PAY0088,ORD0092,3999,success,2026-08-01
PAY0089,ORD0093,999,success,2026-08-06
PAY0090,ORD0094,2999,success,2026-08-16
PAY0091,ORD0095,2499,success,2026-08-02
PAY0092,ORD0096,2499,success,2026-08-01
PAY0093,ORD0097,1499,success,2026-08-15
PAY0094,ORD0098,2499,success,2026-08-18
PAY0095,ORD0100,1499,success,2026-08-07
PAY0096,ORD0101,4999,success,2026-08-18
PAY0097,ORD0102,1999,success,2026-08-02
PAY0098,ORD0103,4999,success,2026-08-16
PAY0099,ORD0104,3999,success,2026-08-06
PAY0100,ORD0105,3999,success,2026-08-03
PAY0101,ORD0106,499,success,2026-08-20
PAY0102,ORD0107,999,success,2026-08-13
PAY0103,ORD0108,4999,success,2026-08-08
PAY0104,ORD0110,499,success,2026-08-14
PAY0105,ORD0111,4999,success,2026-08-19
PAY0106,ORD0112,1999,success,2026-08-09
PAY0107,ORD0113,1999,success,2026-08-08
PAY0108,ORD0114,2499,success,2026-08-05
PAY0109,ORD0115,1499,success,2026-08-15
PAY0110,ORD0116,499,success,2026-08-01
PAY0111,ORD0117,4999,success,2026-08-19
PAY0112,ORD0118,499,success,2026-08-18
PAY0113,ORD0119,3999,success,2026-08-09
PAY0114,ORD0120,1999,success,2026-08-03
PAY0115,ORD0121,1999,success,2026-08-10
PAY0116,ORD0122,2999,success,2026-08-18
PAY0117,ORD0123,1499,success,2026-08-20
PAY0118,ORD0124,3999,success,2026-08-01
PAY0119,ORD0125,3999,success,2026-08-10
PAY0120,ORD0126,499,success,2026-08-05
PAY0121,ORD0127,499,success,2026-08-04
PAY0122,ORD0128,3999,success,2026-08-05
PAY0123,ORD0129,1499,success,2026-08-20
PAY0124,ORD0130,1999,success,2026-08-07
PAY0125,ORD0131,1499,success,2026-08-17
PAY0126,ORD0132,1499,success,2026-08-02
PAY0127,ORD0133,2499,success,2026-08-09
PAY0128,ORD0134,299,success,2026-08-11
PAY0129,ORD0135,799,success,2026-08-21
PAY0130,ORD0136,799,success,2026-08-15
PAY0131,ORD0137,2499,success,2026-08-18
PAY0132,ORD0138,499,success,2026-08-03
PAY0133,ORD0139,799,success,2026-08-18
PAY0134,ORD0140,1999,success,2026-08-19
PAY0135,ORD0141,799,success,2026-08-14
PAY0136,ORD0142,299,success,2026-08-10
PAY0137,ORD0143,299,success,2026-08-12
PAY0138,ORD0144,999,success,2026-08-04
PAY0139,ORD0145,3999,success,2026-08-14
PAY0140,ORD0146,799,success,2026-08-08
PAY0141,ORD0147,799,success,2026-08-14
PAY0142,ORD0148,799,success,2026-08-11
PAY0143,ORD0149,999,success,2026-08-09
PAY0144,ORD0150,499,success,2026-08-13
PAY0145,ORD0151,2999,success,2026-08-08
PAY0146,ORD0152,2999,success,2026-08-12
PAY0147,ORD0153,999,success,2026-08-08
PAY0148,ORD0154,999,success,2026-08-13
PAY0149,ORD0155,1499,success,2026-08-03
PAY0150,ORD0156,1499,success,2026-08-12
PAY0151,ORD0157,3999,success,2026-08-13
PAY0152,ORD0159,499,success,2026-08-09
PAY0153,ORD0160,4999,success,2026-08-09
PAY0154,ORD0163,4999,success,2026-08-17
PAY0155,ORD0164,2499,success,2026-08-19
PAY0156,ORD0165,1499,success,2026-08-02
PAY0157,ORD0166,2499,success,2026-08-01
PAY0158,ORD0167,3999,success,2026-08-07
PAY0159,ORD0168,2499,success,2026-08-03
PAY0160,ORD0169,1999,success,2026-08-20
PAY0161,ORD0170,499,success,2026-08-10
PAY0162,ORD0171,1499,success,2026-08-14
PAY0163,ORD0172,2499,success,2026-08-10
PAY0164,ORD0173,799,success,2026-08-07
PAY0165,ORD0174,2499,success,2026-08-06
PAY0166,ORD0175,4999,success,2026-08-10
PAY0167,ORD0176,3999,success,2026-08-01
PAY0168,ORD0177,1499,success,2026-08-07
PAY0169,ORD0178,4999,success,2026-08-20
PAY0170,ORD0179,1999,success,2026-08-15
PAY0171,ORD0180,2999,success,2026-08-07
PAY0172,ORD0181,2999,success,2026-08-06
PAY0173,ORD0182,499,success,2026-08-10
PAY0174,ORD0183,4999,success,2026-08-11
PAY0175,ORD0184,999,success,2026-08-10
PAY0176,ORD0185,999,success,2026-08-05
PAY0177,ORD0186,299,success,2026-08-08
PAY0178,ORD0187,4999,success,2026-08-03
PAY0179,ORD0189,999,success,2026-08-13
PAY0180,ORD0190,2499,success,2026-08-08
PAY0181,ORD0192,2499,success,2026-08-08
PAY0182,ORD0193,3999,success,2026-08-15
PAY0183,ORD0194,3999,success,2026-08-08
PAY0184,ORD0195,2999,success,2026-08-05
PAY0185,ORD0196,3999,success,2026-08-18
PAY0186,ORD0197,1999,success,2026-08-15
PAY0187,ORD0198,3999,success,2026-08-14
PAY0188,ORD0199,2999,success,2026-08-06
PAY0189,ORD0200,2999,success,2026-08-15
PAY0190,ORD0201,999,success,2026-08-21
PAY0191,ORD0202,3999,success,2026-08-16
PAY0192,ORD0203,999,success,2026-08-09
PAY0193,ORD0204,499,success,2026-08-10
PAY0194,ORD0205,1499,success,2026-08-11
PAY0195,ORD0207,799,success,2026-08-08
PAY0196,ORD0208,799,success,2026-08-07
PAY0197,ORD0209,2499,success,2026-08-14
PAY0198,ORD0210,3999,success,2026-08-15
PAY0199,ORD0211,299,success,2026-08-07
PAY0200,ORD0212,2499,success,2026-08-19
PAY0201,ORD0214,2999,success,2026-08-01
PAY0202,ORD0215,1499,success,2026-08-13
PAY0203,ORD0216,3999,success,2026-08-18
PAY0204,ORD0217,999,success,2026-08-16
PAY0205,ORD0218,1499,success,2026-08-14
PAY0206,ORD0219,299,success,2026-08-13
PAY0207,ORD0220,2499,success,2026-08-06
PAY0208,ORD0221,799,success,2026-08-20
PAY0209,ORD0222,299,success,2026-08-13
PAY0210,ORD0224,2499,success,2026-08-05
PAY0211,ORD0225,799,success,2026-08-02
PAY0212,ORD0226,2499,success,2026-08-11
PAY0213,ORD0227,2999,success,2026-08-11
PAY0214,ORD0228,2499,success,2026-08-09
PAY0215,ORD0229,2499,success,2026-08-09
PAY0216,ORD0230,2999,success,2026-08-01
PAY0217,ORD0231,3999,success,2026-08-02
PAY0218,ORD0232,999,success,2026-08-21
PAY0219,ORD0233,299,success,2026-08-01
PAY0220,ORD0234,999,success,2026-08-01
PAY0221,ORD0235,799,success,2026-08-08
PAY0222,ORD0236,2999,success,2026-08-04
PAY0223,ORD0237,999,success,2026-08-15
PAY0224,ORD0238,1499,success,2026-08-12
PAY0225,ORD0239,4999,success,2026-08-20
PAY0226,ORD0241,499,success,2026-08-19
PAY0227,ORD0242,1499,success,2026-08-19
PAY0228,ORD0243,2499,success,2026-08-13
PAY0229,ORD0244,999,success,2026-08-03
PAY0230,ORD0245,999,success,2026-08-04
PAY0231,ORD0246,1499,success,2026-08-20
PAY0232,ORD0247,4999,success,2026-08-02
PAY0233,ORD0248,3999,success,2026-08-14
PAY0234,ORD0249,1999,success,2026-08-03
PAY0235,ORD0250,1999,success,2026-08-01
PAY0236,ORD0019,3999,success,2026-08-10
PAY0237,ORD0035,4999,success,2026-08-11
PAY0238,ORD0074,299,success,2026-08-03
PAY0239,ORD0169,1999,success,2026-08-20
PAY0240,ORD0172,2499,success,2026-08-10
